Start Time,End Time
2022-05-01 10:57:50,2022-05-01 10:59:40
2022-05-02 03:12:45,2022-05-02 03:12:45
2022-05-02 03:14:35,2022-05-02 03:14:35
2022-05-02 03:20:04,2022-05-02 03:20:04
2022-05-02 03:23:44,2022-05-02 03:29:13
2022-05-02 03:36:32,2022-05-02 03:40:12
2022-05-02 03:43:52,2022-05-02 04:05:48
2022-05-02 04:09:27,2022-05-02 04:09:27
2022-05-02 04:14:56,2022-05-02 04:14:56
2022-05-02 04:25:55,2022-05-02 04:25:55
2022-05-02 04:31:24,2022-05-02 04:31:24
2022-05-02 04:36:54,2022-05-02 04:36:54
2022-05-02 04:40:33,2022-05-02 04:40:33
2022-05-02 04:46:02,2022-05-02 04:46:02
2022-05-02 04:49:41,2022-05-02 04:51:31
2022-05-02 04:55:10,2022-05-02 04:55:10
2022-05-02 04:57:00,2022-05-02 04:57:00
2022-05-02 05:02:30,2022-05-02 05:06:09
2022-05-02 05:09:48,2022-05-02 05:09:48
2022-05-02 05:15:17,2022-05-02 05:24:26
2022-05-02 05:29:56,2022-05-02 05:42:44
2022-05-02 05:48:12,2022-05-02 05:51:52
2022-05-02 05:57:21,2022-05-02 06:02:51
2022-05-02 06:06:31,2022-05-02 06:08:20
2022-05-02 07:26:58,2022-05-02 07:26:58
2022-05-02 07:48:55,2022-05-02 07:48:55
2022-05-02 08:25:29,2022-05-02 08:34:38
2022-05-02 10:55:30,2022-05-02 10:55:30
2022-05-02 11:00:59,2022-05-02 11:00:59
2022-05-02 22:34:15,2022-05-02 22:34:15
2022-05-02 22:41:35,2022-05-02 22:47:04
2022-05-02 22:48:53,2022-05-02 22:54:21
2022-05-02 23:01:40,2022-05-02 23:03:30
2022-05-02 23:12:39,2022-05-02 23:12:39
2022-05-02 23:25:27,2022-05-02 23:29:06
2022-05-02 23:32:46,2022-05-02 23:32:46
2022-05-02 23:41:54,2022-05-02 23:49:13
2022-05-02 23:54:42,2022-05-02 23:54:42
2022-05-02 23:56:32,2022-05-02 23:56:32
2022-05-03 08:23:06,2022-05-03 08:23:06
2022-05-03 08:24:56,2022-05-03 08:24:56
2022-05-04 20:12:24,2022-05-04 20:12:24
2022-05-04 20:14:14,2022-05-04 20:14:14
2022-05-05 17:16:16,2022-05-05 17:18:05
2022-05-05 17:21:45,2022-05-05 17:21:45
2022-05-05 17:25:24,2022-05-05 17:25:24
2022-05-07 08:04:53,2022-05-07 08:04:53
2022-05-07 17:06:20,2022-05-07 17:06:20
2022-05-09 02:58:22,2022-05-09 02:58:22
2022-05-09 03:03:51,2022-05-09 03:03:51
2022-05-09 06:45:08,2022-05-09 06:45:08
2022-05-09 07:05:15,2022-05-09 07:07:05
2022-05-09 07:10:45,2022-05-09 07:16:14
2022-05-09 07:19:53,2022-05-09 07:27:12
2022-05-09 07:34:31,2022-05-09 07:34:31
2022-05-09 08:23:54,2022-05-09 08:25:44
2022-05-09 08:27:33,2022-05-09 08:27:33
2022-05-09 08:33:02,2022-05-09 08:36:41
2022-05-09 09:11:26,2022-05-09 09:11:26
2022-05-09 10:17:17,2022-05-09 10:17:17
2022-05-09 10:22:45,2022-05-09 11:01:10
2022-05-09 11:04:49,2022-05-09 11:04:49
2022-05-09 13:18:19,2022-05-09 13:18:19
2022-05-09 13:34:49,2022-05-09 13:38:27
2022-05-09 13:47:35,2022-05-09 13:47:35
2022-05-09 17:38:02,2022-05-09 17:39:52
2022-05-09 19:20:31,2022-05-09 19:20:31
2022-05-09 19:31:29,2022-05-09 19:33:19
2022-05-10 06:27:57,2022-05-10 06:37:06
2022-05-10 06:38:56,2022-05-10 06:42:35
2022-05-10 06:44:25,2022-05-10 06:44:25
2022-05-10 06:46:15,2022-05-10 06:59:04
2022-05-10 07:00:52,2022-05-10 07:06:22
2022-05-10 07:11:51,2022-05-10 07:11:51
2022-05-10 07:17:20,2022-05-10 07:17:20
2022-05-10 07:55:44,2022-05-10 07:57:34
2022-05-10 08:08:32,2022-05-10 08:08:32
2022-05-10 08:10:22,2022-05-10 08:10:22
2022-05-10 08:26:50,2022-05-10 08:26:50
2022-05-10 08:30:29,2022-05-10 08:30:29
2022-05-10 08:35:58,2022-05-10 08:35:58
2022-05-10 08:41:27,2022-05-10 08:45:06
2022-05-10 08:50:36,2022-05-10 08:52:26
2022-05-10 17:06:17,2022-05-10 17:06:17
2022-05-10 17:09:56,2022-05-10 17:09:56
2022-05-10 17:11:46,2022-05-10 17:13:36
2022-05-11 16:38:03,2022-05-11 16:38:03
2022-05-12 07:41:33,2022-05-12 07:41:33
2022-05-12 07:48:51,2022-05-12 07:48:51
2022-05-13 06:47:46,2022-05-13 06:47:46
2022-05-13 06:51:26,2022-05-13 07:46:20
2022-05-13 07:48:10,2022-05-13 08:04:38
2022-05-13 10:05:26,2022-05-13 10:05:26
2022-05-13 10:07:16,2022-05-13 10:07:16
2022-05-13 10:21:54,2022-05-13 10:21:54
2022-05-13 10:29:12,2022-05-13 10:31:02
2022-05-13 10:34:42,2022-05-13 10:36:31
2022-05-13 17:59:05,2022-05-13 18:08:14
2022-05-13 18:13:44,2022-05-13 18:21:02
2022-05-13 20:01:37,2022-05-13 20:01:37
2022-05-13 20:03:26,2022-05-13 20:03:26
2022-05-13 20:10:45,2022-05-13 20:12:37
2022-05-13 20:23:33,2022-05-13 20:23:33
2022-05-13 20:27:15,2022-05-13 20:29:03
2022-05-14 08:11:24,2022-05-14 08:11:24
2022-05-14 08:15:04,2022-05-14 08:15:04
2022-05-14 08:27:52,2022-05-14 08:27:52
2022-05-16 09:58:58,2022-05-16 10:04:27
2022-05-16 10:08:06,2022-05-16 10:08:06
2022-05-16 10:11:46,2022-05-16 10:13:35
2022-05-16 10:20:54,2022-05-16 10:20:54
2022-05-16 10:35:33,2022-05-16 10:35:33
2022-05-16 10:46:31,2022-05-16 10:50:11
2022-05-16 10:52:00,2022-05-16 10:52:00
2022-05-16 14:37:01,2022-05-16 14:40:39
2022-05-16 14:42:29,2022-05-16 14:47:58
2022-05-16 14:49:48,2022-05-16 14:49:48
2022-05-16 14:51:38,2022-05-16 14:53:28
2022-05-16 15:00:55,2022-05-16 15:00:55
2022-05-16 15:04:28,2022-05-16 15:04:28
2022-05-16 15:15:28,2022-05-16 15:19:08
2022-05-16 15:30:05,2022-05-16 15:30:05
2022-05-16 22:52:49,2022-05-16 22:52:49
2022-05-16 23:00:09,2022-05-16 23:03:48
2022-05-16 23:11:07,2022-05-16 23:11:07
2022-05-16 23:18:26,2022-05-16 23:31:15
2022-05-16 23:33:04,2022-05-16 23:33:04
2022-05-16 23:38:34,2022-05-16 23:40:23
2022-05-16 23:45:53,2022-05-16 23:47:42
2022-05-16 23:53:12,2022-05-16 23:56:51
2022-05-18 06:22:24,2022-05-18 06:24:13
2022-05-18 07:46:32,2022-05-18 07:46:32
2022-05-19 18:30:07,2022-05-19 18:30:07
2022-05-19 18:35:36,2022-05-19 18:35:36
2022-05-19 18:37:25,2022-05-19 18:37:25
2022-05-19 18:44:44,2022-05-19 18:44:44
2022-05-19 18:46:34,2022-05-19 18:46:34
2022-05-20 09:26:26,2022-05-20 09:28:17
2022-05-20 09:41:04,2022-05-20 09:44:45
2022-05-21 06:46:58,2022-05-21 06:46:58
2022-05-21 06:52:26,2022-05-21 06:56:06
2022-05-21 06:59:46,2022-05-21 06:59:46
2022-05-21 10:35:34,2022-05-21 10:37:24
2022-05-21 10:41:03,2022-05-21 10:42:53
2022-05-21 18:32:59,2022-05-21 18:32:59
2022-05-21 20:48:24,2022-05-21 20:50:15
2022-05-22 09:58:34,2022-05-22 09:58:34
2022-05-22 10:42:33,2022-05-22 10:42:33
2022-05-22 10:49:52,2022-05-22 11:00:49
2022-05-22 11:08:09,2022-05-22 11:09:58
2022-05-22 11:11:48,2022-05-22 11:20:57
2022-05-22 11:26:25,2022-05-22 11:26:25
2022-05-22 13:39:55,2022-05-22 13:39:55
2022-05-22 13:45:25,2022-05-22 13:45:25
2022-05-22 13:56:22,2022-05-22 13:56:22
2022-05-23 05:45:42,2022-05-23 05:56:41
2022-05-23 05:58:31,2022-05-23 06:13:08
2022-05-23 06:16:48,2022-05-23 06:25:56
2022-05-23 06:31:26,2022-05-23 06:36:56
2022-05-23 07:04:22,2022-05-23 07:06:13
2022-05-23 07:13:31,2022-05-23 07:17:10
2022-05-23 07:19:00,2022-05-23 07:19:00
2022-05-23 07:28:09,2022-05-23 07:29:58
2022-05-23 08:01:05,2022-05-23 08:01:05
2022-05-23 08:04:44,2022-05-23 08:08:23
2022-05-23 08:10:13,2022-05-23 08:15:42
2022-05-23 08:33:59,2022-05-23 08:33:59
2022-05-23 08:37:40,2022-05-23 08:37:40
2022-05-23 08:46:47,2022-05-23 08:46:47
2022-05-23 08:48:37,2022-05-23 08:52:18
2022-05-23 08:57:45,2022-05-23 09:06:55
2022-05-23 09:58:07,2022-05-23 09:59:58
2022-05-23 10:23:43,2022-05-23 10:23:43
2022-05-23 11:14:56,2022-05-23 11:16:46
2022-05-23 11:38:43,2022-05-23 11:38:43
2022-05-23 16:35:07,2022-05-23 16:38:46
2022-05-23 16:42:26,2022-05-23 16:46:05
2022-05-23 16:57:03,2022-05-23 16:57:03
2022-05-23 17:02:33,2022-05-23 17:02:33
2022-05-23 17:37:17,2022-05-23 17:37:17
2022-05-23 17:46:26,2022-05-23 17:50:06
2022-05-23 18:02:54,2022-05-23 18:08:23
2022-05-23 19:08:46,2022-05-23 19:14:14
2022-05-23 19:17:53,2022-05-23 19:19:43
2022-05-23 19:23:22,2022-05-23 19:27:02
2022-05-23 19:30:41,2022-05-23 19:30:41
2022-05-23 19:32:32,2022-05-23 19:36:10
2022-05-23 20:09:07,2022-05-23 20:14:35
2022-05-23 20:25:35,2022-05-23 20:29:14
2022-05-24 08:35:25,2022-05-24 08:37:15
2022-05-25 07:52:54,2022-05-25 07:52:54
2022-05-25 10:53:58,2022-05-25 10:55:49
2022-05-25 11:01:17,2022-05-25 11:04:57
2022-05-25 11:06:46,2022-05-25 11:08:36
2022-05-25 11:10:28,2022-05-25 11:10:28
2022-05-25 11:12:16,2022-05-25 11:15:55
2022-05-25 17:05:17,2022-05-25 17:05:17
2022-05-25 17:10:47,2022-05-25 17:10:47
2022-05-25 17:36:23,2022-05-25 17:36:23
2022-05-25 19:40:46,2022-05-25 19:40:46
2022-05-26 06:26:32,2022-05-26 06:28:21
2022-05-26 06:33:51,2022-05-26 06:35:40
2022-05-26 06:39:20,2022-05-26 06:39:20
2022-05-26 06:42:59,2022-05-26 06:46:39
2022-05-26 06:50:19,2022-05-26 06:50:19
2022-05-26 06:53:59,2022-05-26 06:53:59
2022-05-26 06:57:37,2022-05-26 06:57:37
2022-05-26 06:59:27,2022-05-26 06:59:27
2022-05-26 07:03:07,2022-05-26 07:03:07
2022-05-26 07:04:56,2022-05-26 07:04:56
2022-05-26 07:56:10,2022-05-26 07:56:10
2022-05-26 07:59:48,2022-05-26 07:59:48
2022-05-26 09:47:48,2022-05-26 09:51:27
2022-05-26 09:55:06,2022-05-26 09:55:06
2022-05-26 10:00:35,2022-05-26 10:09:44
2022-05-26 18:18:14,2022-05-26 18:18:14
2022-05-26 18:25:32,2022-05-26 18:27:23
2022-05-26 18:32:52,2022-05-26 18:32:52
2022-05-26 19:46:00,2022-05-26 19:53:21
2022-05-26 19:57:00,2022-05-26 20:00:38
2022-05-26 20:26:17,2022-05-26 20:28:05
2022-05-26 20:42:43,2022-05-26 20:42:43
2022-05-27 19:38:27,2022-05-27 19:38:27
2022-05-27 19:40:16,2022-05-27 19:43:55
2022-05-27 19:53:04,2022-05-27 20:18:41
2022-05-27 20:26:00,2022-05-27 20:33:18
2022-05-27 20:36:58,2022-05-27 20:38:48
2022-05-27 20:42:27,2022-05-27 20:47:56
2022-05-27 21:08:04,2022-05-27 21:08:04
2022-05-28 01:16:47,2022-05-28 01:18:38
2022-05-28 01:20:27,2022-05-28 01:20:27
2022-05-28 01:25:57,2022-05-28 01:27:45
2022-05-28 01:31:25,2022-05-28 01:31:25
2022-05-28 01:58:51,2022-05-28 02:02:30
2022-05-28 18:52:24,2022-05-28 18:52:24
2022-05-28 18:59:43,2022-05-28 19:01:33
2022-05-28 19:34:28,2022-05-28 19:36:18
2022-05-29 00:50:53,2022-05-29 00:54:33
2022-05-29 01:11:00,2022-05-29 01:14:40
2022-05-29 01:18:19,2022-05-29 01:20:09
2022-05-30 02:01:50,2022-05-30 02:03:39
2022-05-30 02:07:19,2022-05-30 02:07:19
2022-05-30 04:15:18,2022-05-30 04:15:18
2022-05-30 05:44:55,2022-05-30 05:44:55
2022-05-30 05:46:45,2022-05-30 05:55:53
2022-05-30 14:35:25,2022-05-30 14:37:15
2022-05-30 14:53:42,2022-05-30 14:59:13
2022-05-30 15:08:22,2022-05-30 15:08:22
2022-05-30 15:19:19,2022-05-30 15:19:19
2022-05-30 15:22:59,2022-05-30 15:22:59
2022-05-30 15:28:28,2022-05-30 15:32:07
2022-05-30 15:33:57,2022-05-30 15:33:57
2022-05-30 15:37:37,2022-05-30 15:37:37
2022-05-30 15:43:07,2022-05-30 15:44:56
2022-05-30 15:55:57,2022-05-30 15:55:57
2022-05-30 17:43:53,2022-05-30 17:49:23
2022-05-30 17:51:12,2022-05-30 17:53:02
2022-05-30 20:17:30,2022-05-30 20:17:30
2022-05-30 20:19:20,2022-05-30 20:21:10
2022-05-30 20:30:18,2022-05-30 20:32:08
2022-05-30 20:35:48,2022-05-30 20:55:55
2022-05-30 20:57:46,2022-05-30 21:01:24
2022-05-30 21:03:14,2022-05-30 21:08:43
2022-05-30 21:10:32,2022-05-30 21:10:32
2022-05-30 21:12:37,2022-05-30 21:12:37
2022-05-30 21:16:02,2022-05-30 21:17:51
2022-05-30 21:27:00,2022-05-30 21:27:00
2022-05-30 21:28:50,2022-05-30 21:28:50
2022-05-30 21:34:19,2022-05-30 21:36:09
2022-05-30 21:50:47,2022-05-30 21:50:47
2022-05-30 22:21:52,2022-05-30 22:21:52
2022-05-30 22:23:42,2022-05-30 22:23:42
2022-05-30 22:38:21,2022-05-30 22:38:21
2022-05-30 22:45:38,2022-05-30 22:45:38
